<?xml version="1.0" encoding="UTF-8"?>
<project-private xmlns="http://www.netbeans.org/ns/project-private/1">
    <editor-bookmarks xmlns="http://www.netbeans.org/ns/editor-bookmarks/2" lastBookmarkId="0"/>
    <open-files xmlns="http://www.netbeans.org/ns/projectui-open-files/2">
        <group>
            <file>file:/C:/Users/prajo/OneDrive/Documents/NetBeansProjects/MonitorHub/src/com/monitorhub/util/ValidationUtil.java</file>
            <file>file:/C:/Users/prajo/OneDrive/Documents/NetBeansProjects/MonitorHub/src/com/monitorhub/model/MonitorDetails.java</file>
            <file>file:/C:/Users/prajo/OneDrive/Documents/NetBeansProjects/MonitorHub/src/com/monitorhub/view/MonitorHub.java</file>
        </group>
    </open-files>
</project-private>
